                  epoch,         train/box_loss,         train/cls_loss,         train/dfl_loss,   metrics/precision(B),      metrics/recall(B),       metrics/mAP50(B),    metrics/mAP50-95(B),           val/box_loss,           val/cls_loss,           val/dfl_loss,                 lr/pg0,                 lr/pg1,                 lr/pg2
                      1,                 3.1483,                 5.0321,                 4.1984,                0.00082,                0.12083,                0.00086,                0.00035,                  2.658,                 4.9886,                 4.1587,                  2e-05,                  2e-05,                  2e-05
                      2,                 2.8973,                 4.8582,                 4.1946,                0.00132,                0.14226,                0.00101,                 0.0003,                 2.6577,                 4.9891,                 4.1583,               4.01e-05,               4.01e-05,               4.01e-05
                      3,                 2.9592,                 4.9176,                 4.2026,                0.00145,                0.09702,                0.00167,                0.00049,                 2.6573,                 4.9896,                 4.1578,              4.832e-05,              4.832e-05,              4.832e-05
                      4,                  3.318,                 4.9455,                 4.1822,                0.00097,                0.07559,                0.00139,                0.00042,                 2.6568,                 4.9901,                 4.1571,              4.466e-05,              4.466e-05,              4.466e-05
                      5,                 3.0944,                 5.0056,                 4.1843,                 0.0013,                0.10892,                0.00184,                0.00054,                 2.6563,                 4.9908,                 4.1564,              2.912e-05,              2.912e-05,              2.912e-05
